item_id,name,stock_count
E4YVN74R4EAD6,Alderfer Eggs 18,-8.0
A6Y1EQHPVG8TW,Lil' Dipper Union Brewing 12 fl.oz,-2.0
FWBZTS14S61TC,Hendrick's Gin 750ml,-1.0
MNK5HZ4KRWJQ4,Sparkling Ice Caffeine 16 fl oz,-3.0
S3V39EKWD33C2,Bulgogi,-1.0
7ZHC75P0B4TEG,Liquid I.V.0.56oz,-3.0
4GCY6YR0775RR,Jonnie Walker Blk 750ml,-6.0
3CGF68BZ9XDGM,Amaretto Mazzetti 700ml,-2.0
QK8QWP0MXBQ14,Gatorade Glacier Freeze Zero 28 Oz,-44.0
Y84BTER11N4P2,Fontina 5 Oz,-5.0
0GJGE03B8EFWE,Atlantic,-2.0
6TB1A7SADCEFE,Strawberry,-13.0
37XMY3RAQ2PXE,Mountain Dew Diet 2l,-1.0
81B4NZHMSYV0G,Oreo Double Stuffed 4.1 Oz,-7.0
DXQT2Q6THEDMW,Bai Sao Paulo St. Lemonade,-22.0
8QS6CWVHP2ED4,G&G Whole Strawberry,-5.0
0Y5N0KMQNRR92,Pain Au Chocolat,-7.0
9ZDWJ1FJFYDAY,Meiomi Pinot Noir California 750 Ml,-19.0
6KFNM9GPKNHKT,Imperial Dragon Sesame Seed Oil 5 Fl Oz,-9.0
T0Z1V4XVSXWP6,Liquid Death,-6.0
4AS4SJ35TNRZE,Dawn Ultra Original Scent Ez-Squeeze Dishwashing Liquid Dish Soap - 14.7 Fl Oz,-38.0
N1381PFRETN8E,V8 Energy Peach Mango,-2.0
1MT2999NQ52KY,Dove Shampoo Daily Moisture,-3.0
69RD2RRZZ9AAY,ICE Starburst Sparking 17oz,-21.0
Q3WPY74P5PJBG,LaCroix Tangerine  Sparking Water 12 Pack,-68.0
DVFBZ4E3XTKQM,Mushroom (White),-1.0
DHAAS50HF7BMP,Mushroom (Brown),-2.0
HM9013FCJP8TG,Iceburg Lettuce,-6.0
BCJVE5D1PCC5E,Jalapeno,-65.0
HTS67JBXPA7MT,Orange (Large),-50.0
PEMQ1F7E05W7C,Ruffles Potato Chips Jalapeno Ranch Flavored 2 1/2 Oz,-32.0
3YDAYRZD92Z3T,Blueberry,-29.0
87AZMMT1BBKAP,Original Earphone,-1.0
51KFN56KSNWPA,ommegang farm fresh ale honey,-7.0
4CAWHBBC8917E,Karas Wines Red Dry Wine 2020 750 ML,-4.0
HM4DRV3DZNP4P,Hormel Chunky Beef Chili With No Beans 15 Oz. Can,-6.0
TZG9PWQ6GWD3G,Heinz Dill Relish | 12.7 Fl Oz Bottle,-3.0
8JP1PQKKX3W76,Kewpie Mayo,-4.0
12XTQ8DRJPWEA,Part Skim Ricotta Cheese - Happy Farms,-16.0
AF2YHJ3KFK4K8,Frusan Blueberries,-1.0
4TCBZNCS31D8Y,Cauliflower,-6.0
45QXGK1VGM4JY,Duracell CopperTop Alkaline C Batteries 2/Pack MN1,-10.0
PYDV75B7H1Z8R,Duracell Coppertop AAA Batteries - 4 Pack Alkaline Battery,-4.0
C55VKHBZ888PA,Spring Tree Pure Maple Syrup - 8.5 Fl Oz,-1.0
G2MXR0NERPQKW,Plain Bagels,-45.0
Z8ESTT9X6H5R6,Chick-Fil-A Dipping Sauce 16 Fl Oz Squeeze Bottle,-6.0
BSHYASE8HVQH4,Tomato (Small),-61.0
9M7A5AFAE6524,Nongshim Bowl | Beef Flavor Noodle Soup - 3.03 Oz,-4.0
F3TRH3EYYF0HJ,Ben's Original Coconut Jasmine Ready Rice,-2.0
RKCD04K4X26BA,Ben & Jerry's Chubby Hubby Ice Cream 1 Pt. Carton,-35.0
1JEFD2RW27HTE,Gold Peak Georgia Peach Tea Bottle | 18.5 Fl Oz,-14.0
YW72V3GCGVGZ0,La Colombe,-8.0
BDRYES7VVHQZ0,20 Mule Team Borax Detergent Booster & Multi Purpose Household Cleaner 65 Oz. Box,-2.0
94W6TKZS06ER6,Halls Relief Strawberry Flavor Cough Suppressant & Oral Anesthetic Drops 9 Ct Pack,-5.0
8W2N3SJW2NB7W,Ritz Toasted Chips - Sour Cream & Onion - 8.1oz,-20.0
29TH6FG4GZYWM,One Hope Cab Sauvignon,-9.0
PQM5Q1MDQNV9R,Coca-Cola Bottle | 1.25 Liters,-6.0
CV588Q053A3JT,Cheetos Crunchy Flamin' Hot Limon Cheese Flavored Snacks,-3.0
XKRMT80VEETT4,Cucumber (English),-37.0
T2PWQGPPND7KT,Olipop 12oz Root Beer,-84.0
ZSA9QV4409KPA,Cascadian Farm Organic Cinnamon Crunch Breakfast Cereal - 9.2oz,-17.0
7BATC64BCPZD4,Hood Heavy Cream 16 Fl. Oz. Carton,-40.0
M4D3M1B62N3K4,Tropicana Some Pulp 11 Oz,-24.0
FFXGPMB3DQ0G2,La Colombe Cold Brew,-92.0
6G6MEVQDPBQ22,Kellogg's Frosted Flakes Original Cereal,-11.0
TKM6HHAQV92B2,Essentia Bottled Water | 1.5 Liter Bottle | Ionized Alkaline Water,-66.0
X2T5NXGCWWJDA,Giorgio Fresh Mushrooms,-23.0
N6KRTVB76W3NE,Hefty Ultra Strong Multipurpose Large Trash Bags | 30 Gallon | 20 Bags (Scent Free | Drawstring),-2.0
JRK474AE9N6WY,Prime Hydration Berry Freeze 16.9oz,-26.0
58BSQYDXBMWTA,Coca-Cola Zero Sugar Bottle | 2 Liters,-26.0
J9K7CJPKAGF5Y,coors Light C 6/12oz,-2.0
RGBZDTGVK3QN6,Sierra Nevada Rotating Juicy Little Thing Hazy IPA Beer Cans,-39.0
WS40E6A33MCCA,Rogue Dead Guy Ale Beer - 6pk/12 Fl Oz Cans,-12.0
BY9P4MZG9C6MA,Benton's Coconut Macaroons 7.8 Ounce (Pack Of 2) Is Halal Suitable,-6.0
SWRKD475RNBW0,Children's Motrin Pain Reliever/Fever Reducer | Original | Berry Flavor,-4.0
9HJ77ZXC2X3JM,Ben & Jerry's Salted Caramel Core Ice Cream 16 Oz,-16.0
4J6N12BBWVTAR,BIC Favorites Lighter,-11.0
7K37Q7R9EFC26,A&E mexican shredd 6oz,-8.0
FRMVA11EWKXHM,Goya Whole Kernel Golden Corn - 15.25oz,-6.0
2H8AB95DJ4FTP,Heinz ketchup 20oz,-3.0
3N3A45S9W445W,BelGioioso Parmesan Cheese Wedge 5.00 Oz,-2.0
XF0GTPS58D13J,Pocky Glico Cookies & Cream Covered Biscuit Sticks 2.47oz,-42.0
WYV7TKTD416ZC,Bahlsen Milk Chocolate Leibniz Biscuits,-41.0
FQQE5P1Q42KAC,Loose Cannon,-1.0
P5H23NZAQ19A0,Lambrusco Grasparossa Di Castelvetro,-5.0
24HHTH5HYXAXC,Albanese Fat-free Assorted Flavors Gummi Bears Candy,-34.0
8NAMX2J5HNG3P,A.1. Steak Sauce Original | 5 OZ,-3.0
K70T5RDXF43ZT,Visine Red Eye Hydrating Comfort 0.28 Fl Oz,-3.0
837CR439A9W0R,Baileys The Original Irish Cream 750ml,-9.0
B67CVPMESYTP6,Lactaid Eggnog Lactose Free Qt,-10.0
YFJY3TQGQS2GR,Lance Captain's Wafers,-2.0
CZFA707SJBYYP,Monkey 47 375ml,-2.0
VBSP284BY4VSJ,Gain Sheets 34,-2.0
9BDXH40TMA3MY,Austin Street Patina,-6.0
H7NHEKE8V4FCM,Anabasa Tempranillo 750ml,-2.0
Z412Z7GJM4TVR,Aslin Scuzzi Italian Style Pils 6c,-7.0
VNSEHHWSCD1TM,Popcorners,-1.0
ZG0N9WJHCQDKJ,Brooklyn Black Choc. Stout 6b,-4.0
DYT5YG5YHC6VR,Johnnie Walker Double Black 750ml,-1.0
DAH5HMF73MS66,Mush Vanilla Bean 5oz,-8.0
BK7YRB83MZCDJ,Litaly,-1.0
A9G4414TJVBEP,Tefftastic Teff Tortilla Chips,-6.0
PHMZRQRC1N3YE,Bakerly Crepes,-7.0
Y9B67Z3CXS78G,Gas X Ex strength 18 Tabs,-1.0
7A7VTBT9G75JC,Kimchi,-2.0
QRVVEVMJCWZXJ,Hershey's King 2.6oz,-10.0
X7XYFAGEW769G,Avery's Ellie's Brown Ale,-6.0
RW4BFTSVQKD6J,Ketel One Vodka 750ml,-3.0
M5ABQHDQBK75E,Nutella B-ready 0.7oz,-6.0
HDG52KGZQ51H4,Panino Hard Salami & Pepperjack,-11.0
9FGH7XYFT0Q6E,Red Beans & Rice,-2.0
4QKKG3YKT3K26,Spring Mix,-8.0
DARC9M8CQ34Q8,Patron Teq Silver 80 375ml,-4.0
AYMJ8TM3X2D7W,Deer Park 40 pk,-1.0
0TXTWJ1FN0FM6,Mount Gay Barbados Rum 750ml,-3.0
5FC408Z8CC56C,Grey Goose Vodka 750ml,-3.0
X2MWK7WHN88NM,Absolut Vodka,-5.0
8F9SPS30QB5S4,Maker's Mark Bourbon Whiskey 750ml,-11.0
6A8WYZQVS7ZBM,Sahale Thai Cashews 4oz,-5.0
PF00JYAGQXT9R,Beauty Hands,-2.0
F4H210VTVY2D2,Colgate 1oz,-5.0
2D1PT0M9BMNSG,Swiss Miss Milk Chocolate 6pk,-17.0
HBB7AJDQEQC3G,Swiss Miss Marshmallow Hot Cocoa Mix 6pk,-16.0
20B3W4SA4ZT1W,Ammunition Bourbon Whiskey 750ml,-3.0
BQWZ9FZZQJPAM,Tate's Chocolate Chip 1 oz,-4.0
KQQVBZHTKCBRJ,Vista Hermosa Totopos 9 oz,-10.0
8D8TJQBXVS2DJ,Purell Hand Sanitizer 8 oz,-3.0
3ENJKTSZAHXJT,Delallo,-5.0
J0XJYS4W50D0M,Bang Purple Haze16 oz,-15.0
E1T4V214X7WAM,Easy Off 400g,-2.0
X9HRXEVNJSWAA,Sweet Potatoes,-12.0
J7K88K32YQH50,Heineken 0.0 NA 6pk B 12 oz,-5.0
KT7Z0T53KVDRM,Tierra Bendita,-2.0
VXR3JY5WDBPPM,Flash of Diamonds IPA Dewey Beer 12 oz,-4.0
0CYE8ABWKFE2W,Swishy Pants Dewey Beer 12 oz,-4.0
HWAP323YDWMPC,Jack Daniel's Old No.7 Tennesse Whiskey 750ml,-26.0
NBQ40J470HBB2,Act II Xtreme Butter  Microwave Popcorn | 3-Count 2.75-oz. Bags,-1.0
FR05WRS1E0EZP,McCormik Garlic Salt 5.25oz,-2.0
JCZ7W6CZ9XPYY,Nightingale Strawberry Shortcake 2.6 oz,-4.0
4A7WHPBJP73WC,BelGioioso Freshly Grated Romano Cheese | Cup,-5.0
2Q82B9MBA8TC6,What's Up Orig.,-14.0
A50RZ2P27JZ8T,Kefir Strawberry 32 fl oz,-7.0
T6P54NFKQ56BP,Bacardi Superior Rum 750ml,-3.0
80GMNNR89J8DW,Tanqueray London Dry Gin 750ml,-8.0
D0MA4E64VRXVJ,Graza,-6.0
SNW1DEV55BSZA,Napkins,-7.0
TD86BPMQA3K02,Cascadian Farm Organic No Added Sugar Mixed berry,-11.0
XMTJ93EB64AQ0,Grimm Maximum Delight 4,-1.0
1V9R4R04HX1HY,Right Proper Big Tomorrow,-8.0
4WCJECY455HFJ,Oskar Blues Mama's Pilsner,-4.0
RQDHPEVXYNHGA,Light Bulb,-2.0
TD1FKPQG625T6,Ritter Sport White Chocolate With Whole Hazelnuts  - 3.5oz,-4.0
ZMZNEKJEHD90E,14 Hands Unicorn Rose Bubbles,-4.0
Y9W792ZVX93Y2,DC Brau Oktoberfest,-1.0
KBE2HM6K17KFM,Nightingale The Classic 5.2 Oz,-13.0
1N69SW5BNGZM6,Nutella Biscuits 9.7oz,-14.0
3ZPJ56A3D1MM0,Tasty Bite Butter Chicken,-1.0
57EPWK0R8EAWE,Alewerks Pumpkin Beer,-11.0
10RT4VKN09TVM,White Claw Var. Pack,-2.0
850K75XYXK7V8,Smart Water Alk 1 L,-24.0
1Y47KKW14EVZE,Jell-O | Berry Blue | 3 Oz Box,-3.0
QX875X04GDJWR,Lay's Potato Chips | Lime Flavored 2.625 Oz,-8.0
D1SG6N2F7ZH72,Buffalo Wild Wings 12oz Asian Zing,-1.0
P6ATWMBSFXTA4,Buffalo Wild Wings 12oz Parmesan Garlic,-5.0
2J4BW8K0QSHZY,Jack Abby House Lager 12 oz,-12.0
Y9SPKDD0MQ5JG,5-Hour Energy Regular Strength,-6.0
49XVMRRCKBCHM,Nescafe Taster's Choice Inst Coffee House Blend 6 Pack,-5.0
A1YHP12S8K6AC,Spring Valley Melatonin 5mg 120 tablets,-1.0
1EFX05X1KDJ4W,Farm Fresh Free Range,-14.0
71QCQGRS7Y55G,Chobani Strawberry Drink 7 Fl Oz,-24.0
88GY2ZJK9SHT4,Crest 3D White 3.3oz,-7.0
GJT5W4V0RR0SC,Dixie Plate 10in,-12.0
E3J2GE84AT06T,Oskar Blues Old Chub Scotch Ale,-14.0
TE4QNM6M3PVHA,Bai Strawberry Kiwi 18 Fl Oz,-13.0
AYK8NPYXHMQ4E,Picante Sauce Hot 16 Oz,-9.0
4YFFX60RHPCHR,Jell-O | Strawberry | 3 Oz Box,-5.0
QEP2KSVWPGYW8,G&G Mixed Berry Blend 12 Oz,-7.0
Z2M3198KR3S86,Fever Tree Blood Orange Ginger Beer 6.8Oz,-11.0
FPM6G16PWC3GA,Red Jacket Apple Cider 0.5 G,-39.0
BW2QE2C8BR3TC,French's Spicy Brown Squeeze 12oz,-3.0
AR2FSMB6N9KCP,Jambar Org. Chocolate Cha Cha 2.12 Oz,-9.0
AWZZ60KCMH9RG,Tropicana Pure Premium Some Pulp Homestyle Orange Juice - 46 Fl Oz ,-28.0
3JND7QCYN91QJ,A&E Provolone Cheese Thin Sliced 7 oz,-8.0
1V9XJPKCPWFHP,Aslin No Backsies,-19.0
8Q31KH2MYJ6ZE,PF Puff Pastry Sheets,-6.0
31DTPZN9G74FJ,Lucky Aloe Vera Handsoap 13.5 Fl Oz,-2.0
GCH05ZDVX2ZN0,Mango,-15.0
R01WV4N8166QM,Libby's Pumpkin 15 oz,-9.0
F8N8GBVAETMY6,Ziploc Freezer Gallon 20,-21.0
XM7G7PNM55AD2,Lacolombe Oatmilk Vanilla 11 oz,-19.0
XDJXHEGX5WK4T,A&E Mozzarella Thin Sliced 7 Oz,-3.0
XNGYRR2WX778Y,Tropicana 100% Juice Apple Orchard Style 12 Fl Oz,-68.0
PNETQX55KB9Z8,Moshi Yuzu White Peach,-10.0
TMKEDHXMJN37Y,Busseto Salami & Provolone Cheese 3 Oz,-19.0
SP1YZJHMYXTEC,Calypso Trop. Mango Lemonade 16 Fl Oz,-14.0
6CKS59GR1WV5P,Bragg Apple Cider Vinegar,-8.0
9HJG5J7ZKR0WR,SP Lemon Custard,-5.0
WRA7WHBDFGWHE,Esti Everything Bagel Dip,-13.0
NET945K3HCQ76,Buldak Spicy Chicken 2.47 Oz,-13.0
560WNHZAXTQC2,Nature's Nectar 100% Juice Blend Cranberry,-7.0
59B7JG2MW8G1M,Sofresco Mango Banana,-4.0
03RV7AFPGG6ET,Mott's 100% Apple Juice,-22.0
3XSY9H9AERA46,Tropicana 100% Grape Juice 12 Fl Oz Bottle,-14.0
940RCV0YSYGT4,Tropicana Cranberry 11 Fl Oz,-58.0
PFJXQV8E1BPE8,Ziploc Storage Quart 25,-11.0
CB97A6HNHXBS0,Michel & Augustine Dark Chocolate,-9.0
25TMGMSQH5YPE,Troegs Graffiti Highway,-19.0
FVRGG8S0XPXDY,Tropicana Grape 11 Fl Oz,-13.0
2KQPKVG7BY18A,Mahatma Basmati,-5.0
7X2DN6VKAR87M,Repel Sportsmen Max (8.125 Oz),-5.0
JCETATPW8N4KP,Softsoap Exfoliate Coconut Butter (20 Fl Oz),-5.0
TS14C6SGZ8CY8,Crest Pro-Health Sensitive Relief,-3.0
9CEX1SSSP9Z28,Palmolive Ultra Strength 8.4 Oz,-5.0
SNJR72NSWTQAY,Boylan Lemon Lime 12 Oz,-7.0
DVSZNCY8MDG5M,Rockstar Energy Drink Pure Zero Silverice. 16oz,-5.0
DEKZBPNAXK0ZP,Rockstar Energy Drink Pure Zero Fruit Punch. 16oz,-5.0
85F2JG9ZQJ7VP,Rockstar Energy Drink Org. 16oz,-4.0
ATJXZT7XN48EM,Mt.Olive Kosher Baby Dills 24oz,-1.0
919RG21ESV9XM,IOS love Organic Coconut Oil 14oz,-2.0
ME6H8E3D6EXNM,House Of TSANG general TSO Sause 12.6oz,-2.0
PDAV93KW9PM7J,Roa's Homemade Pizza 12.3oz,-1.0
DGC2A1ZCB21XY,Classico Italian Sausage 24oz,-3.0
AJM4Z8W0MWJZW,La Flor Oregano Whole,-3.0
4AT73SP68ERQ2,Bell's Octoberfest Beer 6cans,-9.0
K8786QFWGWVKT,Kopiko Coffee Candy 4.23 Oz,-10.0
4MTQVSEY0H9FR,Michaels Fresh Tomato & Basil 16oz,-18.0
AF5N146GWQ85T,Mt Olive Kosher Baby Dills 24 Oz,-4.0
ZVBZP0B7TVMG8,Royal Dansk,-8.0
ZRK4CBP0QS5TT,Boylan Creme 12 Oz,-20.0
6W7WFMT9WD0R0,Turtle Nose Packing Tape,-5.0
NYA4YJ42EGBVC,Turtle Nose Duct Tape,-2.0
28K7KKMYVFKJY,La Colombe Vanilla,-45.0
YF8RESNH1TVCY,La Colombe Triple,-62.0
X7SHPZM5Z4GVA,Evian Water 750 ml,-6.0
452X8WHX7XXAY,Doritos Tortilla Chips Spicy Nacho Flavored 9 1/4 Oz,-22.0
ES2ZEJRWX8EAA,Zucchini (Small),-23.0
2PT2N03GT0RV2,Hunts Tomato Sauce 29oz: No Salt,-1.0
J1H960GEECJ6C,JD Reg Sausage,-21.0
CQQGV7X956SE0,Ios Natural Pink Himalayan,-6.0
Z2KF713ZFGEBP,Mt.Olive Kosher Dill 24oz,-1.0
9P89WV6VE432W,Lays Wavy Lightly Salted,-6.0
X2JDDE1CQT2DJ,St. Michael Pinot Grigio,-7.0
FDQ2NQK263DVM,Stonemill Salt,-6.0
07ATJW540ZG4G,Stonemill Salt,-1.0
A4K41V2QY56K4,Crooked Run Raspberry Empress,-1.0
JEM65050AHXCC,Shipyard Pumpkin Head 12oz,-8.0
BBK2N7Y1X07WC,The Whole Shabang,-18.0
J4H4NGD5A3Q2M,Eggenberg Hopfen Konig,-6.0
8NTT0JXMSJ0AY,G&G Blueberry,-21.0
2SFSN4VXHQHP6,San Marzano Peeled Tomato,-10.0
NMBKC0G84BV6W,Bodyarmor Lyte Dragon Berry 20oz,-3.0
CR5Q612KFCNSM,Bodyarmor Lyte Peach Mango 20oz,-3.0
R0D4C9ZXMPMEP,Bodyarmor Lyte Bluepom 20oz,-3.0
CF90Z05FWWS6M,Organic Cilantro & Lime Rice,-6.0
2VB82C8RPE7NR,Celsius Heat,-12.0
3W416G5T4KSYM,Founders mortal Bloom,-6.0
H5DTF8RV512V4,Happy Farm Ricotta Cheese,-3.0
0QS6ZVDEX3H90,Esti Tzatziki & Pita Chip,-22.0
RKHK792MGHZFE,The Copper Can Blueberry Mule,-11.0
R33EB489SJ87C,Dr. Snack,-3.0
DJ2DE9CP879YW,High Noon 12pk,-2.0
QXRT34ZPQGQ9A,Honor Classic Lite,-15.0
40H0JXMYT6JSR,Bauducco Strawberry Wafer,-7.0
F96KN2KM2V8P6,Monster Ultra Zero Sugar,-54.0
HR6MDSS7ST4M6,Kit Kat King,-16.0
KN7VCXXYN0306,Bai Puna Coconut Pineapple,-27.0
NV45YY3WDP4BP,Skittles,-14.0
XEKF5X4JBVH2J,Prime Hydration Lemonade,-17.0
7BSD2EP23VPJP,Prime Hydration Strawberry watermalon,-2.0
B1CGWTGZG1H4P,Cabbage,-6.0
NDPH7FHAH74VJ,C2O Coconut Water Orig.,-21.0
HB11M2YT4ZD4A,High Noon Vodka Seltzer,-43.0
ZMFMYA41PKPS4,Peak Fresh Cut,-34.0
WJKKB2E849V3W,La Croix Tangerine,-34.0
4HZNV9FTTRP9T,Franzia Chardonnay 34 Glasses,-1.0
FN3X3FRMW0XW2,Happy Dad Hard Seltzer,-4.0
1CKNRNP1VPST4,Thin Man Wake and Lake,-6.0
FNRYT52VVTP30,Prime Hydration Strawberry Banana,-68.0
4SZJJ6YZBKA8G,Toasted Artisan Collection,-19.0
EM84QSQ0FBDVE,Denizens Born Bohemian Pils,-45.0
WAPNKM1BHJH1E,High Noon Tequila Seltzer,-4.0
3GD9G9R9DSY8R,Poppi Prebiotic Soda Orange 12ft,-55.0
ZRRSD42F2VQF6,Zero Gravity Pisolino,-29.0
YTZTBFW9N3C1A,Cotes De Provence,-3.0
8F9QNCJN1H7R2,San Pellegrino Aranciata,-26.0
M38ZAY2AWAQPR,Brew Luxe Original,-6.0
MGA57RN04TY8M,Brew Luxe Cinnamon Sweet 5fl,-6.0
QV11FGYMP6K9Y,Hunt's Tomato Paste No Salt,-5.0
VS3X82CF5D7FW,Great Lakes Kick Around,-30.0
X2DA6KDTKAVKM,Paradiss Cove Peachy Lychee Martini,-3.0
3A6FHGNYE3N3W,Bells Hazxy Hearted IPA,-4.0
NEWZ8F69DCGV4,Flying Dog Hare Chaser,-3.0
5TPZ9WAJRHB08,Oscar Blues Hazy Blues,-13.0
55J2B4YK4721G,Italian Style Baretta,-3.0
D2Q32EBFB0MNR,Lysol Spray,-1.0
60A4P01QWA930,Repel,-17.0
HG09E5JKQH78E,Banana Boat Sport Spf 50,-4.0
XM5X2KW1KA4HW,BR St Short Cake,-6.0
NW3SMYPFGMD22,Barefoot Bubbly,-52.0
8PVPZHA869N2E,Martinelli Sparkling Cider,-27.0
24D2ZBC9173FY,Red Onion (Large),-17.0
BGRJD636NNR9W,Jimmy Dean Croissant Frozen Sandwich,-3.0
BYKC395APN4EA,Ranch Seasoning Packet,-2.0
QGX28AVFTA61C,Mom Water Variety Pack,-17.0
KK89BG2KDYC6M,Alba Hawaiian 50,-1.0
ZDZ9SW592QFYG,Chobani Peach Drink,-10.0
VB16DVCHA3PM8,OS Cranberry Juice,-7.0
F861XSJ90NNMT,Banana Sport Ult 50,-1.0
9YMV6C84F43PJ,Las Perdices Pinot Grigio,-44.0
RHX1SRN0HWTM2,Zuccchini (Large),-8.0
JZ6KZQ1XFC9B4,Yellow Onion (Large),-96.0
ZQ9Y0BKV22RQ0,Green Onion,-18.0
Q5ACPZN7FSDKA,Cucumber (Regular),-34.0
T87733SZA443G,Romain Lettuce (Large),-46.0
Q2SG5YYDHZ2GY,Celery,-8.0
JXFK8VGS7JCEY,Kirkland Chicken Breast,-15.0
J8SSXXWX6DGFP,Tomato (Large),-46.0
Q6PZA6JBS9RP4,Bell Pepper (Other Colors),-130.0
Q66RS1KXEDEZ0,Pure Leaf Sweet Tea,-28.0
SVHJR5EKRRWVG,David Orig. Sunflower Seed,-20.0
BE26877D9J7TW,Munchos,-11.0
RNZ0E91VVBQ30,Cheetos Flamin Hot Limon,-18.0
5FB1M96TQKW3C,Dr. Snack Pistachios,-6.0
76GXKPJE3J120,Dr. Snack Healt N Nut,-6.0
GMJE37FQYMD9P,Ziploc Slider Gallon Freezer Storage Bags,-4.0
2CSDYPVB5T6HR,Ziploc Seal Top Bags | Freezer | Quart,-10.0
3KFQTF04TSBNJ,Clintro,-47.0
8PASM4G62AGPM,Carrots (Regular),-37.0
1TF97P0TP9QE8,Bell Pepper (Green),-32.0
DVBG2WPB32KDP,Cascadian Farm Organic No Added Sugar Blueberry Vanilla Granola,-55.0
B20580PETFHG2,Cascade Platinum Action Pacs Dishwasher Detergent Fresh Scent,-23.0
TZ31VHMGDX3XA,ZYN Chill 6mg Pouches,-62.0
PK9P4YDYXH48G,Ziploc Brand Sandwich Bags With Grip N Seal Technology,-3.0
AG8SAPGT6JVQ2,Yogi Organic Super Antioxidant Herbal Supplement Green Tea | 16 Tea Bags -- 6 Per Case,-5.0
ZG2S8JNHVMTDM,Zero Gravity Green State Lager,-1.0
YQ3ZMGC2X9VEA,Xtra Detergent | Sparkling Fresh 56 Fl Oz,-5.0
86Y7CF7DEP5KJ,Zero Gravity 12pk Variety Pack Can,-12.0
89325P5BR3EHP,Wyler's Instant Bouillon Beef Flavored Cubes | 3.25 Oz Jar,-1.0
6DMYKFRSZ2WQM,Wonderful Pistachios | Sweet Chili Flavored | 1.25 Ounce Bag,-7.0
1Y11H0A4CPWCP,Wish-Bone Fat Free Italian Salad Dressing 16 Fl. Oz. Bottle,-1.0
2F29VP2GPQAN0,Wish Bone Creamy French Dressing 24 Oz,-3.0
1HAB8XBMH0N7M,Wrigley's Double Mint 0.50 Pre,-8.0
ZNJMMKXAFVAXR,7up 7 Up Lemon Lime Flavored Soda 20 Fl Oz Bottle,-3.0
E2KC71E7SQ6K6,Rogue Hazelnut Brown 6pc,-14.0
YEKSZGV5SSTAE,Vicks Nyquil Cold And Flu Nighttime Relief Liquid Capsules,-2.0
TMDFR4T7CK6CT,Essential Everyday Dog Food | Chopped Diner | With Chicken & Rice,-3.0
0GS63WVW5QKWE,Unique Snacks Pretzels - Pretzel Splits - Original - Case Of 12 - 11 Oz,-1.0
SN92EZKW5F94P,U Check Pregnancy Test #42001 Strip,-2.0
AWP5NA5RDDVFM,Tylenol Sinus Congestion And Pain Severe Caplets For Adults,-5.0
KQYR3ARYDC2XW,UpTown Funnel Small,-4.0
TMEVWACM8XB90,Tylenol Children's Liquid Oral Suspension Medicine | Acetaminophen Pain Reliever & Fever Reducer For Cold + Flu Symptoms & Sore,-6.0
K3WKA023HRSH4,Twizzlers Twists Strawberry Flavored Chewy Candy | Low Fat | 5 Oz | King Size Bag,-64.0
4R833A9T425MM,Twinings Of London Darjeeling Pure Black Tea Bags,-2.0
N3H7DMS89CDY4,Pareto's Estate 80/20 Cabernet Sauvignon Trocken | Rotwein 2018,-8.0
JQHBDP9Z3CP7M,Trojan Sensitivity Ultra Thin Lubricated Premium Latex Condoms - 3 Count,-2.0
G0NWX142HQ7FP,Triscuit Roasted Garlic Crackers - 8.5oz,-3.0
53M7KY8X5S6YP,Trojan Fire & Ice Dual Action Lubricant 3 Latex Condoms,-8.0
7ASCAE0K6FBK2,Trident White Peppermint Sugar Free Gum - 16ct,-2.0
DVKF4C8NGMXNG,Town House Pita Crackers | Everything 9.5 Oz,-5.0
8B51VVF236872,Town House Keebler | Pita | Crackers | Sea Salt | 9.5 Oz,-23.0
E0KHTC6MPK5WC,Toll House Nestle Morsels Milk Chocolate Chips 11.5oz Bag,-1.0
B2YX1JS43WWC8,Tide Pods HE Original Scent Liquid Detergent Pacs,-22.0
CZC6G4P9FMHD2,Theraflu Multi-Symptom Severe Cold Relief Powder - Acetaminophen - Green Tea & Honey Lemon - 6ct,-1.0
AC901QVS49HN4,Theraflu Daytime Severe Cold & Cough Packets Berry & Green Tea Flavors,-1.0
5NVVPXPF24X4M,Thai Kitchen Gluten Free Unsweetened Coconut Milk 13.66 Fl Oz,-3.0
SMYM38QQQNJHT,tictac freshmint 1oz,-4.0
9N6WWTTJPN7JT,Tasty Bite Mild Indian Vegetable Tikka Masala | 10 Oz,-3.0
WFNYVH2P2TZXP,Senate Beer,-28.0
NMQF94YJ08692,Swan Rubbing Alcohol 16oz White,-4.0
GNNEGZJ53P3M2,SunChips French Onion 100% Whole Grain Snacks 7 Oz. Bag,-9.0
T2EN9YESK7AYC,Suave Men 3 In 1 Salon-Proven Shampoo & Conditioner & Body Wash | Charcoal | 28 Oz,-1.0
PHFRMH3KQHR6E,White Onion (Large),-60.0
P2TVBT99TPD28,Stella Artois,-3.0
BHP7HB4ZXY2HG,Starbucks Blonde Light Roast K-Cup Coffee Pods Veranda Blend For Keurig Brewers,-4.0
53V02GQB3B2A4,Spearmibnt wrigley,-18.0
JRMRCQ70RD0Q2,Royal Lotus Jasmine Rice,-12.0
WG1MDE61MNYH0,Red Onion (Small),-87.0
ACGD2ZH1QV0RR,SP Toated Honey Almond,-4.0
90QSP9VHD29CC,SP coffee cardamom,-4.0
YG0H30EQJE4M2,SP Ch. Hazelnut Cookie & Cr.,-4.0
T78B6XS687CBY,Sour Patch Kids Watermelon Soft & Chewy Candy | 2 Oz Bag,-111.0
WA8AECM8HXMFA,Softsoap Moisturizing Hand Aloe Vera Fresh Scent | Soothing Clean 7.5 Fl Oz,-5.0
PPT00XYMNX7XA,Sparkling Ice Caffeine Zero Sugar Blue Raspberry Water 16 Oz,-2.0
RS6GE60Z12HJ0,Softsoap Moisturizing Liquid Hand Soap Pump - Milk & Honey - 7.5 Fl Oz,-1.0
EEYV39Y8AERHT,Softsoap Antibacterial Liquid Hand Pump - Kitchen Fresh Hands - 11.25 Fl Oz,-1.0
6FNR560H33M72,Garlic,-52.0
BJT9WPSZJFYSC,Gold Peak Sweetened Black Tea Bottle | 18.5 Fl Oz,-29.0
QJZQ6NJ6GN9BT,solace Bute Racht 4/16oz,-4.0
0S65QWPDA6VA6,Sotomonte verdejo,-3.0
175X5VKZKGVQA,Snickers Full Size Chocolate Candy Bar - 1.86oz,-7.0
4N0C0DZF728N6,Slim Jim Snack Stick | Smoked | Original | Giant 0.97 Oz,-45.0
NFM12H51J8JQY,Skittles Tropical Drink 14 Oz,-11.0
3FKSQNQSN8RN4,Silk Vanilla Almond Milk | Half Gallon,-3.0
D3TKC27CGJJ6G,Silk Soymilk | Original 64 Fl Oz,-13.0
EHF4414B05RD0,Vita Coco Original Coconut Water - 16.9 Fl Oz Carton,-61.0
QVV33E8S727Q6,Siema Alcesti Nero D'Avola Nesos - 2019,-1.0
49EBG7SAVYXWA,Schlafly The Saint Louis Brewery - Pumpkin Ale 6 Pack 12oz Bottles,-6.0
TXGVGVZY8NZWT,santa barbara maraschino cherr,-1.0
KTVHQE1HKR4WG,The Laughing Cow Spreadable Cheese Wedges | Light | Creamy,-6.0
BRMVSQFX08H9R,Roland Water Chestnuts | Wild Flavor | Whole 8 Oz,-1.0
4WH42BR66SY5R,Softsoap Liquid Hand Soap Pump Aquarium Series - 7.5 Fl. Oz,-17.0
GW640ZYBNXY86,Reynolds Wrap Heavy Duty Aluminum Foil,-3.0
HTMJRMGHEQWHT,Reynolds Kitchens Unbleached Parchment Paper | 50 Square Feet,-1.0
V2RXJD1430X88,Resolve Pet Stain & Odor Remover Carpet Cleaner Spray | 22oz,-2.0
9WD7SVW27QWRA,Robitussin Adult Cough + Chest Congestion Relief DM | Maximum Strength | Raspberry - 4 Fl Oz,-4.0
F1HEA4AW8XF2C,Milano Pepperidge Farm Raspberry Cookies – 7oz,-11.0
5DA98DMKSEWVP,Ritz Toasted Chips - Original - 8.1oz,-11.0
0WTC5VZF0C0XR,Reese's Big Cup Milk Chocolate King Size Peanut Butter Cups Candy Pack,-37.0
PQZK9WRC0MCB0,Rock Creek Iced Tea 2L,-2.0
E3A9FFAADC2WG,Raid Fragrance Free Ant & Roach Killer 17.5 Oz. Aerosol Can,-3.0
TM5RJD2VMZRPE,Quaker Oats Instant Oatmeal Variety Pack 73.2oz,-18.0
B4F0YXYSETJ1C,Quest Nutrition Protein Shake Chocolate 11 Fl. Oz. Aseptic Pack,-18.0
BPDMV0X9Q20BT,Progresso Gluten Free Vegetable Classics Lentil With Roasted Vegetables Soup - 18.5oz,-5.0
14SGMY5TWX2TJ,Prime Hydration Drink Glowberry 16oz,-62.0
J7EFQZKEYXX9C,Progresso Light Vegetable Soup 18.5 Oz,-3.0
DPG8J9DB6CBR4,Pop-Tarts 8pc 384g Kellogg's Frosted Cookies & Cream Toaster Pastries/Snack Pack,-9.0
2JHB20XK226VC,Pop-Tarts Frosted Blueberry Toaster Pastries,-20.0
VD4T7JYPPKESW,PopCorners Kettle Corn 5oz,-6.0
9CHTTA2TP1NAY,PopCorners Crunchy Popped-Corn Snack Spicy Queso 5 Oz,-1.0
PSJG61G4MYNWA,Pitaya Acai + Guarana | Organic | Smoothie Packs,-5.0
J3HFS1S43ND2M,Pepto Bismol Upset Stomach Reliever/Antidiarrheal | Ultra 4 Fl Oz,-1.0
FA1GW9CSPS7HT,Phills biscuit butter 12oz,-2.0
7PDTFANE0BQ2P,Phila cream cream straberry8oz,-5.0
RR37YM42ENXA4,Pepto-Bismol Upset Stomach Reliever Antidiarrheal Original Liquid 4 Oz,-4.0
5H8RD0W6XA3Q8,Pills cinnamon roll 7.3oz,-12.0
A32BWQNBR6WDT,Pepsi Cola Soda - 2 L Bottle,-10.0
WKT9P17HVVZR4,Pepperidge Farm Farmhouse Thin & Crispy Toffee Milk Chocolate Cookies - 6.9oz,-4.0
CVD1D19PQHHXE,Pepperidge Farm Dublin Shortbread Cookies | 5.5 Oz Bag,-9.0
3KBVYNEMKEB82,Paldo King Noodle Cup | Lobster Taste Langosta,-14.0
CH47DNS4FS41C,Pacific Foods Organic Vegetable Broth 32.000 Fl Oz,-2.0
7BB05CNYCS154,Pacific Foods Low Sodium Organic Vegetable Broth 32.000 Fl Oz,-4.0
JQPJ4S75SYR6P,Palmolive Dish Liquid Orange 12.6oz,-9.0
2E8ZZE585FEX2,Oxi Clean Dark Protect For & BLACK Fabrics Anti Fade Technology Laundry Booster,-2.0
Q5NHS4KDTNP6Y,Oscar Mayer Deli Fresh Slow Roasted Roast Beef Sliced Lunch Meat,-8.0
04GTBPKYA8MJ6,Oscar Mayer Deli Fresh Oven Roasted Turkey Breast & Smoked Uncured Ham Sliced Lunch Meat Variety Pack | 9 Oz. Tray,-3.0
SZY6HMSP4JNFC,Osteria I Nonni Coppo Barbera d'Asti Camp Du Rouss 2020,-2.0
T7EXRY14KXBX0,Essential Everyday Cheese | Muenster | Sliced,-18.0
E27PDZ2H2FEVJ,Oliver Brewing Company - Social Lager,-3.0
A76RYFC35VNR4,Old Spice Solid A/p Orig,-4.0
WCVVHER16Z5N4,Nongshim NONG SHIM: Soup Noodle Veggie Soon | 3.95 Oz,-44.0
X5GK7E5BG1HAA,Hostess Birthday CupCakes Single Serve | 2 Count | 3.27 Oz,-21.0
N4JN7XPEQ2E6G,Nongshim Kimchi Flavor Noodle Soup,-3.0
B1DVS871A4JNJ,Harmless Harvest,-11.0
HND7AYG1EBYEG,Honest kids Apple Juice - 177ml,-42.0
WPW1B2WMVB940,New Belgium Fat Tire Beer | Amber Ale,-3.0
VKGWA2QVYTBQT,nepenthe space jellyfish,-5.0
JVGHMGBD3VZV8,Neosporin Plus Pain Relief Antibiotic Ointment Maximum Strength 0.5 Oz,-1.0
C790CHJKRGH4G,Navajo Handy Solutions Emery Boards 8ct,-1.0
167AK93JCXJF2,New York Bakery Texas Toast | Five Cheese | Slices,-5.0
ZPC7F1FCR5N9E,National Bohemian c6,-9.0
AMCCXH22D4RSC,Munchies Frito Lay Extra Long Sunflower Seeds Original 1 3/4 Oz,-1.0
DGY5H05YC9X1G,Nail cliper,-1.0
XT37VSMH9Y7TR,Celsius Energy Drink | Grape Rush | Sparkling 12 Fl Oz,-163.0
TY3FX9QBBT5MR,Mountain Dew 2L,-6.0
BDQMDJ1Q47DBA,Motrin Ibuprofin Tablets USP | 200 Mg 100 Caplets. Exp. 7/23,-2.0
91ANDWSPQ0D5E,Mucinex Sinus-Max Max Strength Day & Night Caplets | 20ct,-4.0
N86WBDKD4GXQ6,MorningStar Farms Morning Star Breakfast Original Veggie Sausage Patties,-7.0
9VJM5ZQ1WJMAR,MorningStar Farms Grillers Original Veggie Burger,-8.0
GQGZYPKXM22QM,Mop & Glo Floor Cleaner | Multi-Surface | One Step | Fresh Citrus Scent,-4.0
2Y7588NTKZS84,Modelo Negro b6,-18.0
KBG0W2WCNNFXP,Minute Maid Pink Lemonade Bottle | 20 Fl Oz,-33.0
SNP0FAPKXHJSY,Minute Maid Real Fruit Lemonade 20 Fl Oz Bottle,-50.0
VBK2KG4MDSGZA,Michaels Of Brooklyn Sauce Pasta Marinara | 16 Oz,-11.0
K4VBQMRZ8094G,Meow Mix Cat Food | Chicken | Turkey | Salmon | Ocean Fish | Indoor Health | Adult 50.4 Oz,-1.0
BVJF2WMPYM77A,McCormick Brown Gravy Mix .87oz,-1.0
J4438CC4Y73FR,Mccormick  Garlic salt 5.25oz,-2.0
GR98TB62R2DPC,Mccormick  cloves .62oz,-3.0
ZQPD7V3V3ZPMT,Marie Callender's Fettuccini With Chicken & Broccoli Frozen Meal,-5.0
55BFHY6FT13W6,Blueberry,-12.0
90ZM0G4XE01YT,Maille Dijon Original Traditional Mustard 7.5OZ,-2.0
6S4FJX7P32BQG,Lunchables Ham & Cheddar Cheese Cracker Stackers With Vanilla Creme Cookies Snack Kit,-5.0
FCHV7AMT4N1MA,Lunchables Chicken Dunks With Chocolate Creme Cookies | 4 Oz Tray,-6.0
S5BV5Y37SZZPM,Louis Latour Grand Ardeche Chardonnay,-2.0
XHKAPS9W06HM2,Manor Hill IPA 6pk 12oz Can,-3.0
093K4JC0TKTT8,Golden Pasture Raised Lg. Brown Eggs 12,-9.0
EM4K6J84Y773R,Listerine Fresh Burst Mouthwash | 250 Ml,-3.0
2XWS41V4ZKWWT,Listerine Antiseptic Mouthwash | Cool Mint 8.5 Fl Oz,-8.0
5JDSKGJZG57T6,Lipton beefy onion 2.2oz,-2.0
BZCF008TV5N62,Band-Aid Brand Band-Aid Flexible Fabric Assorted Sizes Adhesive Bandages 30 Ct Box,-9.0
T44H4Z5R9VEC2,Legends Limited Denizens Brewing Animal Hazy IPA,-12.0
8871VPET45VZW,Golden Free Range Lg. Brown Eggs 12,-12.0
56EBV3K79DN6J,Lay's Wavy Potato Chips Original 7.75 Ounce Plastic Bag,-1.0
29GZ5R2H6C2W6,Glad Gain Original Scent Drawstring Tall Kitchen 13 Gallon Trash Bags,-7.0
E6ZSPKZQ3WED4,Lay's Potato Chips Kettle Cooked Jalapeno - 8 Oz,-53.0
9HDE3TNG3V6Y6,Lay’s Kettle Cooked Jalapeno Flavored Potato Chips,-22.0
J6FJR0WS410GR,Andrew & E sharp cheddar 6oz,-3.0
PQPFEZQG20CVW,Lance Captain's Wafers Crackers | Cream Cheese & Chives,-1.0
0MGM3BH6WXF60,Dawn Ultra Lemon Scent 7.5 oz,-10.0
EQX92RZDXJEKG,David Orig. 175,-13.0
CSZF9TVH1ED7R,Aslin Old Town 12 Fl Oz,-37.0
K8S2FMXY1XX44,Burger/Hot Dog Buns,-80.0
K3F9NHVS3BBZA,Lacroix Mojito Sparkling Water 355ml,-16.0
BZ8190C3DJEAJ,Buffalo Wild Wings 12oz Honey BBQ,-1.0
63QQEWC66NAV4,Betty Crocker Whipped Butter Cream Frosting - 12oz,-12.0
44J6C27R77TRY,Wesson Canola Oil 40 Fl Oz,-15.0
2FF82Y6D28906,Krusteaz Chocolate Chunk Supreme Muffin Mix 18.25 Oz,-5.0
ZNMS546DPKJSJ,La Costena Whole Black Beans 19.75 Oz. Can,-8.0
XCM2HXS4Q3F9T,Club Kellog Multi-Grain Crackers 12.7oz,-6.0
CZ0MK69GDRB52,La Costena Medium Chipotle Sauce 7.76 Oz. Can,-9.0
AS2MS4ZNC264G,Kraft 100% Grated Parmesan Cheese Shaker | 3 Oz Bottle,-2.0
T3HMTG9TXT1TR,Knox Unflavored Gelatin | 4 Ct Envelopes | 1.0 Oz Box,-1.0
T6KPX5J2CH8GR,Kirkland Bath Tissue - 6PK,-4.0
PDX25RGPDR0WR,Kingsford Match Light Instant Charcoal Briquets 4 Lb,-5.0
GX3A96YK20RDE,Kimchi,-7.0
5FBCQP56G3028,Kingsford Match Light Instant Charcoal Briquets 8 Lb,-7.0
FKHFHE3EQ0DDW,Keebler Sugar Cones,-3.0
09BAN022038NY,Joe Tea Joe's Peach 20oz Bottle,-18.0
NR0VB2RFNTV76,Jolly Rancher Popsicle,-31.0
FKMVBVSD6Q93G,Beefeater Gin 80 750ml,-5.0
6AGA661RX2VRE,Jabon Irish Spring 127 Gr,-6.0
MZRPWWASDAX4R,Jet-Puffed Marshmallows | 1 Lb Bag,-8.0
KR4TKCAE5VX2R,Planet Oat Vanilla Oatmilk - 52 Fl Oz,-6.0
S6FJGQDEGFN34,Inglehoffer Original Stone Ground Mustard 10oz,-4.0
FRGWAYB347XMY,Hanover Black Bean 15.5oz,-3.0
5T28BS5JR3K0T,Inglehoffer Cream Style Horseradish - 9.5oz,-1.0
B5X291WAX6ZT6,Huggies Baby Wipes 56ct Unistar,-4.0
6N872D29RT7QR,Hotsticks Premium Firewood | .75- Cu. Ft,-2.0
YT0DY00BV4Q4C,Peak Organic Seasonal - 6pk / 12oz Bottles,-11.0
GCWG2Z20W99MM,Golden Large White Eggs,-6.0
FMTTNHJP3P5B0,Hormel Chili Chunky With Beef Beans 15 Oz,-1.0
0SG8Y6X2EKPEY,Honest Kids Super Fruit Punch Carton | 6 Fl Oz,-6.0
1YBVQ9CK42NFE,Hi-Chew Supefruit Mix Fruit Chews - 3.17-oz. Bag,-28.0
2S0D0QYNC7WTP,Ghirardelli Premium 100% Cocoa Dutch Process Unsweetened Cocoa Powder - 8 Oz,-7.0
0FKMZDMXQN84G,Heinz No Sugar Added Tomato Ketchup | 29.5 Oz Bottle,-8.0
GQ8SF62S8DSDW,Cascadian Farm Organic Oats And Honey Granola,-11.0
FYRJV6Y42N9HM,White Onion (Small),-35.0
MEXHJRV04BT56,Hanover Garbanzo Beans Chick Peas,-23.0
HQ23TT2DW6RHG,Handy Solutions Sewing Kit W/Scissors,-1.0
2TDGJ590ZRTWM,Han Jan Peach Soju 375ml,-6.0
TANH4QD915NNC,LF Hamburger Buns,-35.0
HABJV1E1M2NKM,Tullamore Dew 750ml,-12.0
DS6D11AF4FZFC,Heinz Tomato Ketchup No Sugar Added | 13 Oz Bottle,-2.0
PPGQHKW16FJ1G,LF Hot Dog Buns 8 ct,-3.0
W78XV6DJNS3Z2,My Dad's Chips Jalapeno Sriracha 7 Oz,-9.0
ZDKZKRXQZVZY8,Folgers Coffee | Ground | Medium Dark | French Roast 9.6 Oz,-5.0
1B2JP4B9XXNX0,Slim Jim Monster 1.94 Oz,-222.0
T6EHM7DW0AQBR,Haagen-Dazs Caramel Cone Ice Cream 14 Fl Oz,-16.0
RTZD67Y43Q46Y,Grape-Nuts Post The Original Cereal 20.5 Oz. Box,-2.0
K9C23F7WFY380,Nature's Own Honey Wheat,-33.0
2T14NKGF0C8WA,Goya Small Red Beans | Prime Premium,-4.0
E5XJZ59VCT6S2,Romain Lettuce (Small),-43.0
26HC4CCDPPT6T,Goose Island Neon Beer Hug IPA 6 Pack/12oz Cans,-1.0
7ENX9WG0TP2RG,Kopiko Cappuccino Candy 4.23 Oz,-12.0
7DVZ1MD909QXT,Grape Nuts Post Original Breakfast Cereal 29 OZ Box,-20.0
Q7YZWX72SSYM6,Uptown Funnel Big,-23.0
5Y00JV1MCXWGJ,Loacker Quadratini Hazelnut,-38.0
0F0RBR9H4Y9DC,Right Proper Raised By Wolves,-43.0
8SD4RAKNZSJDP,Gold Peak Unsweetened Black Tea Bottle | 18.5 Fl Oz,-23.0
PX8X3BRMJ2VMG,Glade Sc Johnson Air Freshener | Lavender/vanilla | 13.8 Oz,-1.0
AFEVBCPWW9NAP,Glad OdorShield Mediterranean Lavender Scent Drawstring Tall Kitchen 13 Gallon Trash Bags,-1.0
C5PDYXPKH1XHC,Glico Pocky Matcha Green Tea,-16.0
YP2QWVHXPBGZT,Gillette Sensitive Plus Island Breeze Shave Gel 7 Oz,-2.0
Z0F69R7CY32Q6,Gillette Mach 3 Razor/Cartridge,-7.0
0K11H0EHV9KMW,Gillette Foamy Mens Regular Shave Foam,-1.0
V8ANZTTTQFKMJ,Giorgio Mushrooms | Low Fat & Gluten Free | Sliced 6 Oz,-1.0
KT1G05V5AEW0A,Yellow Onion (Small),-85.0
NVBY0DA8M7J88,Glad flex max 40s,-3.0
MXWY7KAN3TZ2Y,Powerade Zero Mixed Berry,-26.0
HK0E0MRQBZ5KM,Ghirardelli Intense Dark 72% Cacao Twilight Delight Chocolate Bar,-6.0
8GF1110NBDRTT,Giorgio Fresh Baby Bella Mushrooms 8 Oz Tray,-20.0
KXMADJ6RBWB70,Gilles coperet morgon red,-3.0
SZTVKENTKEFR4,Ghirardelli Premium Baking Chips | Classic White Chocolate | 11 Oz,-12.0
62B6TGGTN718G,Orange (Small),-130.0
8CY0G06KEGS6M,Gatorade Purple Fierce Thirst Quencher Grape Sports Drink,-66.0
MT8WM9WZ7TKHY,Lyon Bakery Rustico Loaf,-60.0
ENYNZCDDKMNQ2,Gatorade Frost Arctic Blitz 20o,-1.0
JHKRC0ASQ5JY0,Garnier Fructis Sleek & Shine Shampoo | Frizzy | Dry | Unmanageable Hair | 12.5 Fl. Oz,-2.0
0CTF2DV2HD1KP,Simply Nature 100% Grass Fed Ground Beef,-13.0
PFZ0FJW7YZP5W,Zyn Nicotine Pouches Smooth 3mg,-13.0
XCD4EX5CN8DDG,Friskies Dry Cat Food | Farm Favorites With Chicken | 3.15 Lb. Bag,-1.0
3RS5AKB759Q1P,Fritos Flavored Corn Chips Chili Cheese 3 1/2 Oz,-30.0
RM0HN97J8DQAW,Friskies Purina Wet Cat Food Savory Shreds With Beef In Gravy 5.5 Oz. Can 5.50 Oz,-13.0
FBRJV3JD3HZX2,Friskies Shreds With Turkey & Giblets In Gravy Wet Cat Food,-10.0
JCCSVZWKYX466,French's Honey Mustard Squeeze 12oz,-6.0
BSDGR92QZP8XC,Formula 409 All Purpose Cleaner | Lemon Fresh | 32 Fl Oz,-2.0
M1BQYJW9JDYW2,Bakerly Brioche Dinner Rolls 9.88oz,-5.0
DJSY1Q3AKW1AY,Halls Relief Lemon Honey Flavor Cough Suppressant/Oral Anesthetic Drops 9 Ct Pack,-13.0
TX0956MAF26BA,Halls Defense Dietary Supplement Drops | Vitamin C | Assorted Citrus,-14.0
ACT07BNY1505R,Fever-Tree Premium Ginger Beer | 8.45 Ounce -- 24 Per Case,-23.0
TK882VJG966QM,Faultless Niagara Original Finish Ironing Spray Starch 20 Oz,-1.0
7J4BK1K2QYFVG,Febreze Air 8.8 Oz Linen And Sky Scent Bedroom & Bathroom Freshener Spray,-27.0
TA965REBA69SP,Libby's Sliced Pineapple 20oz,-5.0
WQ1YEPC2MBW3Y,Fancy Feast Cat Food | Gourmet | Chicken Classic Pate 3 Oz,-20.0
P050431NT9866,Fairlife Milk 2% Reduced Fat Ultra Filtered 52 Fluid Ounce Bottle,-63.0
M53HP9KNEM7QM,Victory Juicy Monkey Hazy IPA 12oz 6pk Cn,-13.0
X4VDW777RPZ66,Vicks NyQuil Cold & Flu Nighttime Relief Cherry Flavor Liquid 8 Fl Oz,-7.0
DKWS98DTJEN3P,Excedrin Pain Reliever/Pain Reliever Aid | Extra Strength | Caplets,-4.0
J27W8B3F9HY2R,Essential Everyday Swiss | Sliced Cheese,-5.0
0HNZJA6SM5R5W,Benton's Hazelnut Cookies 6.07 oz,-1.0
CZ3V09BHEBNZ0,Essential Everyday Ammonia Cleaner | All Purpose,-1.0
CYJQR67D4E3C4,Elmer's Washable | No Run School Glue | 4 Fl Oz,-1.0
TG1BAFHZ4SR56,Essential Everyday Dailyware Basic Forks,-5.0
VJ1ERMV8VVW84,Essential Everyday Basic Dailyware Spoons,-1.0
BCJN4HWAAFA6Y,Toll House Nestle Semi Sweet Chocolate Chip Morsels 12 Oz. Bag,-40.0
XEXNCFF4NKWHP,Eclipse Peppermint Sugar Free Chewing Gum | Single Pack | 18 Piece,-9.0
GSEG1D0A463QG,Duncan Hines Classic Dark Chocolate Fudge Moist Cake Mix,-1.0
CPKR43J0M2KTY,Duncan Hines Classic Butter Golden Cake Mix 15.25 Oz,-9.0
ENGJBGZC6PSX8,Eclipse Spearmint Sugar Free Chewing Gum | Single Pack | 18 Piece,-7.0
0B1M92E4CYF40,Duracell Coppertop AAA Alkaline Batteries,-5.0
Y150GY8ZH16K2,Dove Original Beauty Bar Soap,-30.0
GBG8N0H2ETZGT,Dove Invisible Solid Antiperspirant Deodorant Stick Original Clean | 2.6 Oz,-2.0
GJKP078R2A6Z6,Dove Invisible Solid Antiperspirant Deodorant Stick Fresh | 1.6 Oz,-4.0
P3DXGBMVAPQHC,Doritos Tortilla Chips | Flamin' Hot Cool Ranch Flavored 2.75 Oz,-7.0
PP16YY8QH5E7J,Sunset Tomatoes | Grape | Extra Sweet,-35.0
CFN1PYTA8HS9C,Domaine de la Foret 750ml,-1.0
VN9P3NG3M12YY,Whistle Pig - PiggyBack Bourbon Whiskey 1L,-4.0
2QZGSWHPT3AJR,SunChips Harvest Cheddar Whole Grain Snacks 7 Oz Bag,-29.0
733E6HD9RJEF8,Dove Sensitive Skin Body Wash,-12.0
WBNDT3FG3E4XA,Doritos Dinamita Chili Limon Rolled Tortilla Chips,-41.0
6BSWHGB3SSDRE,Yogi Elderberry Lemon Balm Immune Plus Stress Tea Bags | Caffeine Free,-10.0
Q77Y53Z6KGTR8,Dixie Ultra Bowls | 20 Ounce,-8.0
8SQRYHJAND25E,DiGiorno Croissant Crust Four Cheese Frozen Pizza 25.3 Oz. Box,-1.0
9YW403KSS2H3R,Silk Organic Unsweetened Almondmilk 3-64 Fl. Oz. Cartons,-5.0
E2NQPWYJCT6P6,Sartori BelGioioso Parmesan Cheese Freshly Grated 5 Oz,-16.0
6V34TKX639F3R,Del Monte Artichoke Hearts | Quartered Marinated 12 Oz,-3.0
DJ9ENB2B1Y9XT,Degree Men Antiperspirant Deodorant Stick Extreme Blast - 2.7 Oz,-1.0
FVWHKT1Q24E7P,country style kimchi,-2.0
PGA4Y2SWQ22TA,Dead End Glue Traps For Rodents And Common Pests,-5.0
E42NM7AKMQD50,DayQuil Cold & Flu Relief Liquid | 8 Fl Oz,-6.0
25RB5ANAVN9JY,Crisco All-Vegetable Shortening - 16oz,-1.0
3R92NDRF0XF5C,Crest Toothpaste | Whitening 4.3 Oz,-2.0
T1SCEM6MPWBKE,Crest Cavity & Tartar Protection Toothpaste | Whitening Baking Soda & Peroxide Fresh Mint,-5.0
MCWJZ2GCS2JFR,Crest 3D White Advanced Teeth Whitening Toothpaste | Arctic Fresh,-6.0
J8VB53BE0AESC,Colgate Extra Clean Full Head Medium Toothbrush,-4.0
BJ17RMK0WKQGY,coastal cocktails v. cucumber,-5.0
RDRE7MYHCV83P,Poppi Prebiotic Soda Cherry Limeade 12oz,-46.0
2R7327VWR8F6Y,Clorox Disinfecting Bleach | Concentrated Formula | Regular - 11 Ounce Bottle,-4.0
B7PWFV8TD3Y1P,Clorox Clean-Up All Purpose Cleaner Rain Clean With Bleach Spray,-1.0
BCJCX8GK9VCGA,Clorox Disinfecting Wipes | Bleach Free Cleaning Wipes - Crisp Lemon,-23.0
30SGQAHHTY9RP,Club Crackers | Reduced Fat 11.7 Oz,-4.0
2Z33X3MH6DTME,Clorox Clean-Up All Purpose Cleaner With Bleach | Spray Bottle | Original | 32 Fluid Ounces,-6.0
PQ0NZXWBWR6WP,Claritin Indoor & Outdoor Allergies | 24 Hour | Original Prescription Strength | Tablets,-1.0
95D28HV4C11XG,Sprite Tropical Mix Soda Drink X2 591ml 20z,-35.0
ZVCCVEJ8D59P2,Pepperidge Farm Milano Double Dark Chocolate Cookies - 7.5oz,-15.0
A6EGJHCMHPABW,Chips Ahoy! Chunky Chocolate Chip Cookies - 11.75oz,-9.0
2393E74XRYQS4,Cherry Tomatoes,-4.0
2CSA1NK6KXVPC,Cheetos Cheese Flavored Snacks | Cheddar Jalapeno | Crunchy 8.5 Oz,-8.0
FHNKDQC37M196,Cheesepop Cdp Gordonne Vt Bio Rs 75cl Wholesaler,-31.0
53W1HHG4XSZRC,Pam Butter Flavor Canola Oil Cooking Spray - 5oz,-2.0
BENEAPANYC8YR,Caulipower Margherita Cauliflower Crust Frozen Pizza - 10.9oz,-3.0
M4VFM63V13YY2,Caulipower Cauliflower Crust Uncured Pepperoni Pizza 11.3 Oz,-1.0
69MJ7C6W86EQJ,Cascadian Farm Organic Gluten Free Berry Vanilla Puffs Cereal 10.25 Oz,-2.0
HAZ6V4WA8T25T,Cap'n Crunch's Sweetened Corn & Oat Cereal Berries 1.30 Oz,-1.0
WRRXQYAGZWCZY,Campbell's Chunky Healthy Request Chicken Noodle Soup - 18.6oz,-1.0
BPA9JC7B0DGDW,Campbell's Chunky Old Fashioned Vegetable Beef Soup - 18.8oz,-3.0
H1NK1EN936GQT,Campbell's Chunky Chili Mac Soup - 18.8oz,-5.0
3J40ZXBFSWBBR,Campbell's Chunky Chicken Corn Chowder Soup - 18.8oz,-2.0
07PCP70DWCNG0,Campbell's Chunky Chicken Broccoli Cheese With Potato Soup - 18.8oz,-2.0
CE6AAWB3X5QTP,Campbell's Chunky Baked Potato With Steak & Cheese Soup 19 Oz,-7.0
A3ADH1BE75C38,Cabot Creamery Cheese | Cheddar | Seriously Sharp | Vermont 8 Oz,-50.0
7E0YPYBT61B1R,Cheetos Crunchy Flamin' Hot Cheese Flavored Snacks | 8.5 Oz Bag,-11.0
2VPXJDB6VTBMC,Catchmaster Mouse Trap | Professional Strength,-1.0
JV4F6MYGPF26A,Blistex Lip Medex .25oz,-5.0
W1CT28KX3Z754,LaCroix Sparkling Water | Mojito,-6.0
MNEC99YV9EN72,Black & Mild Cigar Jazz,-17.0
2HSNRCPJSMK76,Black & Mild B&M Wine Wood Tip,-5.0
S3G0AGX7MTQAT,Birthday Candles 12 pc white,-1.0
CZZQEQGE90R8C,Birds Eye Steamfresh Gold And White Corn | Carrots & Asparagus Mixed Vegetables | Frozen Vegetables,-2.0
YXPQNS3SKV2KP,Betty Crocker Sugar Cookies | Cookie Baking Mix | 17.5 Oz,-4.0
ABDHBP1Z3XYZE,Benton's Coconat Macaroons,-34.0
3NMV6QBB4TCMC,Tito's Vodka Handmade 750ml,-40.0
4FP3YA8WJST8P,Beneful Purina Originals With Real Beef Adult Dry Dog Food - 3.5 Lb. Bag,-12.0
1AVDN073RSSHW,Kerrygold Grass-Fed Reserve Irish Cheddar Cheese - 7oz,-8.0
BRJDSE21YNB98,Ben & Jerry's Frozen Dessert | Non Dairy | Chocolate Chip Cookie Dough 1 Pt,-15.0
HE51PNKV440A2,belVita Blueberry Breakfast Biscuits - 5 Packs,-7.0
V3W6D2V37D3WY,Band-Aid Tru Stay Adhesive Pad | Sheer Large | All One Size,-1.0
HYZWDDS43FYNW,Bai Kupang Strawberry Kiwi | Antioxidant Infused Beverage | 18 Fl Oz Bottle,-2.0
M4KD237KARFA6,Crunch,-1.0
8186D9YMWDZJ0,Smirnoff Vdk 750ml,-13.0
D9EA969HH8XW0,Baby Peeled Carrots (Per Pound),-17.0
FH92J6HBZZP44,Garnier Fructis Shampoo Grow Strong,-4.0
E33X04VJQHTBA,SP Aranciata,-34.0
C094YGGWGH7G4,Route 11 Dill Pickle Potato Chips,-17.0
FB6NF5P7EXVRC,Lay's Baked Original Potato Crisps 1.875 Oz,-23.0
WXA5DDYV5QWV4,Artisan Tropic Plantain Strips Sea Salt - 4.5oz,-17.0
8J1JBM1F53CM2,Amy's Vegan Margherita Pizza With Daiya Cheese 13.50 Oz,-4.0
XPC3MYSYS0D00,Amy's Gluten Free Frozen Roasted Poblano Enchilada - 9.1oz,-8.0
3WWNY0TE7A6P4,Amy's Lentil Soup 14.5 OZ,-4.0
EX2A86KZ7ZSJ2,Amy's Bowl Brown Rice + Black Eyed Peas + Veggies Og 9 Oz,-6.0
KM1HFHZVEQHPR,Essential Everyday Tall Kitchen Bags | Flap Top | 13 Gallon,-3.0
EQBPAY6F5Z6HW,Aleve All Day Strong 220 Mg Pain Reliever/Fever Reducer 24 Caplets,-3.0
A8JCR1WA1TJNT,Alderfers Alderfer Cage Free Jumbo Grade A Brown Eggs – Sku 811,-31.0
TTHNKWGKR50FJ,Al Capone Blue Non Filter 10pk,-1.0
PDETCED11A17A,Aidells Fully Cooked | Teriyaki & Pineapple Chicken Meatballs,-7.0
EHB2JCBVPSQ7P,DiGiorno Pizza | Classic Crust | Cheese | 19.1 Oz,-10.0
GM5A2N8VQCCYR,90+ Cellars Lot 2 Sauvignon Blanc | Marlborough | New Zealand,-12.0
M3TDVK9GDMA60,7 sea blueberry,-2.0
D5H4YXCPJDHYG,5-Hour Energy 5-hour Shot Regular Strength Pomegranate 1.93 Oz,-1.0
0Z88KCQ14FY78,5 Gum Peppermint Cobalt Sugar Free Chewing Gum | 15 Piece Single Pack,-16.0
9YR1YBJXP1T2E,Kellogg's Froot Loops Original Cold Breakfast Cereal,-24.0
PWB03VX4N4G64,Imodium Multi Symptom Relief Anti Diarrheal Medicine Caplets | 12 Ct,-4.0
KZHE15YVZGDQW,Clorox 35-Count Fresh Scent Bleach Free Disinfecting Cleaning Wipes,-14.0
3TETBXMY2EDKP,Ito En Oi Ocha Unsweetened Japanese Green Tea,-24.0
TR8M8EJY5P5YA,2021 Margarett's Vineyard - Sauvignon Blanc California,-2.0
PGVYT2P82HNCC,Dole Fresh Celery,-23.0
YS57CDMSAV3YY,Gain Detergent With Aroma Boost - Liquid - 46 Fl Oz (1.4 Quart) - Original Scent - 1 Bottle - Green,-10.0
TC6AJJMDZV768,Guinness Draught Stout Beer | 8pk 14.9oz Cans | 4.1% ABV,-5.0
YY190300ESKA6,Caulipower Cheese Lovers Stone-fired Cauliflower Crust Pizza,-7.0
J75870HQTW8JJ,Dixie Everyday Paper Plates - 8 1/2 Inch 48,-19.0
BB7XGCFPMYC90,Fabuloso Multi-Purpose Cleaner Lavender,-3.0
4CAPD5J0WTPYG,Cascade Complete Dishwasher Detergent | Lemon Scent | Pacs,-2.0
5E92ZWK3XN7Y0,California Pizza Kitchen Sicilian Recipe Crispy Thin Crust Frozen 15.5 Oz. Box,-4.0
8EKGGA43GBN8R,Apple RLX 3in1 Cable Charger,-1.0
H1DHA4RQHNRGJ,Truly Party Pack,-12.0
K6WAA4E1SMAF4,The Laughing Cow Original Creamy Swiss Spreadable Cheese Wedges - 6oz,-9.0
HTFWB2Q3P0FXW,Simply Maple Syrup,-1.0
53ZS7FDSNDY7M,Patron 750 ml,-1.0
YQ8G34601VA8J,Core Power Ch.,-48.0
4N47P3C2ZJ4CE,Mixed Greens,-50.0
H294F017R40X0,La Colombe Mocha 11oz,-34.0
2EXWD53DCT4HY,U By Kotex Click Multipack Compact Tampons,-5.0
WHSR0K5D39NBA,Lyon Bakery Multigrain,-63.0
TYDA93E2TQDZE,Tanimura & Antle 2 Pk. Green Onion,-37.0
T4XM69XKNTNXA,Captain Morgan Orig. Spiced Rum 750ml,-2.0
PM2NE52MSJX8A,Chobani Mango 7 Oz,-16.0
PYDAQ5TGA21NW,Always Pads | Flexi Wings | Extra Long Super | Size 3,-23.0
8FHDYRGD9CD5Y,Alain de treille chardo 750ml,-51.0
MHYQB3CE443Z2,Pillsbury Fluffy Frosting | S'mores 12 Oz,-3.0
H2PJNDB5K4GEE,Joe Tea Half Lemon & Half Lemonade 20 Oz,-74.0
M1J4STD2JFW4P,Doritos Tortilla Chips | Spicy Sweet Chili Flavored | 9 1/4 Oz,-23.0
MX4GRW0GTQJ1G,Gatorade Thirst Quencher | Zero Sugar | Lemon Lime,-14.0
PYXZGQ7RP6A92,Dole Fresh Iceberg Lettuce,-6.0
C9XCFVHNS8DMJ,Gatorade Zero Sugar Thirst Quencher Glacier Freeze 20 Fl Oz,-148.0
9A67ECQ7J60GR,Tropicana No Pulp Calcium,-16.0
GXXP2NM03SSVM,Capers,-4.0
HD5T8ASRZPDCT,Progresso Beef Pot Roast,-13.0
0KPGR1WF5F6PR,Swanson 100% Natural | Gluten-Free Chicken Broth | 48 Oz Carton,-20.0
P38E0NDN29TK0,Vicks Dayquil Cold & Flu Multi-Symptom Relief 16 Liquicaps,-9.0
ETJF15PAB9TCY,tictac orange 1oz,-10.0
T94E5525CD7WM,Domaine Barville Châteauneuf-du-Pape,-3.0
NTR04RFC03D7R,Smucker’s Seedless Red Raspberry Jam,-2.0
FG4W1DSND3PME,Chunky Bar | Milk Chocolate With Peanuts & Raisins 1.4 Oz,-1.0
SN3R49AJR813J,Canada Dry Ginger Ale Soda - 2 L Bottle,-4.0
8CJFS32NJR0TG,Hostess Double Choc Mega Muffin SS,-1.0
GCB63T4A3D4FW,La Croix Limoncello Sparkling Water | 12 Fl Oz,-22.0
Z464SW060AP10,Kool-Aid Unsweetened Cherry Artificially Flavored Powdered Soft Drink Mix | 0.13 Oz Packet,-24.0
KW2DV70ZBXHMA,Annie's Homegrown Organic Macaroni & Cheese | Classic Mild Cheddar,-10.0
SGC79KK78ZGBW,Drano Clog Remover | Max Gel | Pro Strength 32 Fl Oz,-13.0
EGQYXM1GQ267W,Ritter Sport Milk Chocolate With Whole Almond  - 3.5oz,-21.0
43FKVWGJA8HCP,Beyond Meat Breakfast Sausage Plant Based Original Patties,-17.0
KEY7730WTMW0W,Ben & Jerry's Ice Cream | Chocolate Chip Cookie Dough 1 Pt,-50.0
6MJEEE0NMM0T0,Beneful Purina Healthy Weight Adult Dog Food With Real Chicken,-4.0
G0G6EXFY0BDEC,Olipop 12oz Cola,-95.0
HXPW6SKX2YHDP,Buldak Ramen | Spicy Chiken 2.82Oz,-27.0
DGQ84RQJVC0MG,Tropicana Pure Premium 100% Juice Orange No Pulp 46 Fl Oz Carton,-75.0
NPCJVTXBXKD5Y,Surfside,-49.0
FBW7C6XSS70NE,Tropicana Orange No Pulp,-54.0
BEPR2VPDSRM9P,Crest Plus Scope Advanced Fresh,-8.0
QXVGMQFPAXETA,Dad Strength Ipa,-43.0
0BA68NV19TQP6,La Croix Strawberry Peach,-38.0
051KWDA1B1JAY,Sun Chip Whole Grain Chilli Lime 7oz,-17.0
88VAYQEH84ZZM,Sun Chips 100%whole Grain Garden Salsa,-40.0
TAEJHSQY14TC6,Fritos Flavor Twists Honey Bbq,-35.0
QP7VGSHP9EZAA,Indomie 3oz,-8.0
ZG92FX0BV30V4,Foil Tray Sm/Lg,-28.0
36DZWJGJDQ8HE,Poppi Prebiotic Soda Strawberry Lemon 12oz,-43.0
P1T66YY49PPPY,Maison Perrier 16.9oz,-188.0
X5NN356Y7Z1PR,Loacker Quadratini Dark Chocolate,-30.0
E9RQQWRZ79EKM,Seaglass PG,-26.0
T0XJT8M6DNWA0,GT's Synergy Kombucha Guava,-47.0
2TZ8X7XHV2V70,San Pellegrino Limonata,-46.0
4TVKH8DGDZKDG,7 Up,-51.0
GZSKKEZA023X8,Skittkes Wild Berry,-84.0
W6A2Z0FSZQ4BW,BigKat,-52.0
FW8Y8TJS450P0,Annies Mac And Cheese,-72.0
BAN5AVT05RHZA,Lime,-362.0
KTZH3M0ZCMKGW,Lemon,-341.0
C1B1T46GM05DA,Potato,-218.0
4VPZ5GFK5T6Q8,Parsley,-61.0
0GW9BEY6CK95E,Carrots (Baby),-17.0
9KX7REFFPVZ94,Broccoli,-59.0
6SY0WXFB5VXR0,Avocado,-190.0
JPGRPKZ874QHT,Blackberry,-46.0
PHKXES4H28F6P,Bananna,-794.0
A9EZ83KXXGVDP,Apple,-234.0
K7AWZ6TTF8WR4,Lyon Bakery Rustico Baguett,-137.0
EP8PHW1J91S0E,Lyon Bakery Sourdough,-109.0
2PE8NTCCRH4A6,Ice 7lbs,-904.0
KZ5F6QJSFVA6W,Starbust,-74.0
S5P46DE8BJ02J,Nerds Rainbow,-128.0
BB0WXXHJ8SZ6T,Nerds Very Berry,-123.0
XNX31VE4M86XE,Cheetos Puffs Jumbo,-40.0
H5EWAXNGF7VN0,Vitamin Water Power C | Dragonfruit Bottle | 20 Fl Oz,-94.0
BYKCMCMASE9C2,Tylenol Extra Strength Pain Reliever 500mg 24ct,-10.0
2C1YZJPT7QBPP,Twix share size 3.02oz,-112.0
W41SQHP3XEMF6,Twix 1.79oz,-12.0
P3SVGQBWWMDC0,Tide Original Liquid Laundry Detergent,-30.0
9DZ4HE2JF39BP,Ten Bends Beer Northern Heights 4pk,-22.0
E9NFM7XEKJ83T,Swiffer Heavy Duty Wet Mopping Cloths With Gain Scent,-2.0
E7M7EC7GEX6J6,Softsoap Liquid Hand Soap Pump - Fresh Breeze - 7.5 Fl Oz,-2.0
0D93CSFXWR4NR,Smartfood XXVL Doritos Nacho Cheese Flavored Popcorn - 2oz,-60.0
R1NHV6TW4N99E,Sierra Nevada Hazy Little Thing IPA Craft Beer 6 Pack (12oz Cans),-43.0
MY645GF491PZE,Ruffles Potato Chips Flamin' Hot Flavored 2.5 Oz,-13.0
1TGP764AARS76,Rouxvale caber 2017 750ml...2,-111.0
BGEJDV5BM0T5Y,Zyn Smooth 6 Mg-5pk,-59.0
10AB3BPWEMNX4,Prime Hydration Blue Raspberry Sports Drink - 16.9 Fl Oz Bottle,-17.0
WD5HHRX5BKSGA,Powerade Mountain Berry Blast Sports Drink - 8pk/20 Fl Oz Bottles,-57.0
974887W4A0VG0,PopCorners Gluten Free Corn White Cheddar Chips,-5.0
PWE0P3QXXMZGP,Pills butter biscuit16.3oz,-13.0
TDPQ3M2DB2R90,Pepsi Wild Cherry,-56.0
W59BCRWKGJ0N4,Pepperidge Farm Nantucket Crispy Double Dark Chocolate Chunk Cookies | 7.75 Oz. Bag,-2.0
V821CSMW1YK20,Near East Mix Roasted Garlic & Olive Oil Couscous - 5.8oz,-2.0
6YAYVF5H63PDR,Maola Whipping Creamy Heavy 1 Qt,-22.0
Y74M2GKQ89V40,Martinelli's Gold Medal 100% Sparkling Apple Juice 10.00 Fl Oz,-70.0
6YZW78DZXCT18,LATE JULY® Snacks Thin & Crispy Organic Blue Corn Tortilla Chips,-51.0
J9Z69TNWKN7HC,Lagunitas IPA India Pale Ale | Craft Beer | Single Bottle,-4.0
78HJV243K49B0,Kleenex Tissues | White | 2-Ply,-7.0
FGYXTG5ZZ7D4T,Kiwa CHIPS: Chips Mix Original Vegetable | 5.25 Oz,-6.0
0J1GGG9Q0V2VY,Kirkland Signature Premium Paper Towel Sheets,-143.0
SBBFK07X7PN72,Kingsford Match Light Instant Charcoal BBQ Briquettes,-13.0
DPVSEACTXQ3FM,Hostess Jumbo Donettes Donuts | Glazed Blueberry,-18.0
KZWSWYHNA3T0P,Hostess Iced Strawberry Cupcakes SS,-11.0
2SVHVR9SKKAY6,Honey Bunches Of Oats Post Roasted Cereal,-17.0
XPWQHM4TNMN26,Great Lakes 6 Pack Lager Dortmunder Gold Beer,-19.0
0N3G65B9DJFYP,Ghirardelli Premium Sea Salt Caramel Sauce 16 Oz,-5.0
B66KSMSJBCEP4,Gatorade Zero Sugar Orange Sports Drink 20 Fl Oz,-25.0
8KJMBK87A9ESC,Gatorade Thirst Quencher Fierce Grape Drink 20 Oz. Bottle | PK24,-39.0
QNR6MSZVPWWTG,ferreo rocher 1.3oz,-83.0
5KS7FGKS2YSW2,Essential Everyday 13 Gallon Drawstring Tall Kitchen Bags,-4.0
6NJQ2P26K0G16,Doritos Tortilla Chips Blazin' Buffalo & Ranch Flavored 2 3/4 Oz,-33.0
40GE9FRPBC6JJ,Doritos Tortilla Chips | Sweet & Tangy BBQ Flavored 2.75 Oz,-37.0
BSG8BTPHV0QSC,Doritos Flavored Tortilla Chips Flamin' Hot Nacho 2.75 Oz,-1.0
G96V2CSF7W26T,Doritos Flamin Hot Limon Flavored Corn Snacks,-14.0
M69A6B5EMEVZW,DiGiorno Pizza | Meat Lovers | Classic Crust 19.1 Oz,-3.0
3YR6Y72VR8BAR,DiGiorno DIGRNO Clas Crust Supreme 12x20.8oz US,-20.0
Q1B3YV35W4QT8,Diet Coke Fridge Pack Cans | 12 Fl Oz,-6.0
WEB01T26209XJ,Dawn Ultra Dishwashing Liquid Dish Soap | Original Scent | 19.4 Fl Oz,-3.0
T792MEE0YD0WA,Sprite 20oz,-10.0
3G91ZYVY9T992,Coca-Cola Zero Cherry - 20 Fl Oz Bottle,-92.0
HPZP7V7WPHF5G,Coca-Cola Fridge Pack Cans | 12 Fl Oz,-29.0
TQ4WQJES55ZMT,Clos Amador Brut Reserva Cava,-8.0
D1PFW8XQA01F2,Cheetos Puffs | Cheese Flavored Snacks,-56.0
9K1GV6N6ZBXA2,Cheetos Crunchy Cheese Flavored Snacks - 8.5oz,-23.0
M0CA1PCPDKEE6,Cheetos Buffalo Crunchy Cheese Flavored Snacks,-11.0
KQ6749XVHFF1T,Celsius Sparkling Arctic Vibe Energy Drink - 12 Fl Oz Can,-214.0
1DYA5RPSPGTH8,Bush's Best Cannellini Beans | White Kidney Beans 15.5 Oz,-23.0
KSA6DR0EM3WB2,Blue Diamond Cracker Snacks | Nut & Rice | Almond | Hint Of Sea Salt,-19.0
RAKPCACVKA2CJ,Birds Eye Steamfresh Premium Selects Frozen Whole Green Beans - 10.8oz,-15.0
PP06QYSKAH2E8,Ben & Jerry's Ice Cream | Chocolate Therapy 1 Pt,-25.0
WYM0KXMMG1EEY,Ben & Jerry's Chocolate Milk Cookies Topped Ice Cream | 15.2 Fl Oz,-6.0
XWTBNZJZPJHET,Band Aid Sheer Strips Adhesive Bandages | All One Size,-3.0
HCVVP5QBK4M4R,Bagels - Everything - 20 L,-52.0
ZB9TE1EWE1XXM,Athletic Brewing Co 6 Pack Lite Beer 6 - 12 Fl Oz Cans,-32.0
GX14P0YVWRSB6,Annie's Homegrown Organic Shells & White Cheddar Macaroni & Cheese,-23.0
E6M844V8WHXXM,Annie's Homegrown Organic Shells & Real Aged Cheddar Macaroni & Cheese,-12.0
